{"cameraMode":{"drawMode":0,"name":"Shaded","section":"Shading Mode"},"sceneLighting":false,"audioPlay":false,"sceneViewState":{"showFog":true,"showMaterialUpdate":false,"showSkybox":true,"showFlares":true,"showImageEffects":true,"showParticleSystems":true},"in2DMode":false,"pivot":{"x":459.38751220703127,"y":258.5,"z":0.3799999952316284},"rotation":{"x":-0.08891385793685913,"y":0.29765361547470095,"z":-0.02785506285727024,"w":-0.9501162171363831},"size":431.9236755371094,"orthographic":false}