{"cameraMode":{"drawMode":0,"name":"Shaded","section":"Shading Mode"},"sceneLighting":false,"audioPlay":false,"sceneViewState":{"showFog":false,"showMaterialUpdate":false,"showSkybox":false,"showFlares":false,"showImageEffects":false,"showParticleSystems":false},"in2DMode":false,"pivot":{"x":-0.00007339939475059509,"y":-0.029324155300855638,"z":-0.007020406424999237},"rotation":{"x":-0.07678211480379105,"y":-0.46664926409721377,"z":0.04070838540792465,"w":-0.8801623582839966},"size":0.4312993586063385,"orthographic":false}