{"cameraMode":{"drawMode":0,"name":"Shaded","section":"Shading Mode"},"sceneLighting":false,"audioPlay":false,"sceneViewState":{"showFog":false,"showMaterialUpdate":false,"showSkybox":false,"showFlares":false,"showImageEffects":false,"showParticleSystems":false},"in2DMode":false,"pivot":{"x":-0.48542386293411257,"y":0.25026267766952517,"z":-0.07803955674171448},"rotation":{"x":-0.1584012508392334,"y":-0.648398220539093,"z":0.1404493749141693,"w":-0.7312748432159424},"size":-0.11072707176208496,"orthographic":false}