{"cameraMode":{"drawMode":0,"name":"Shaded","section":"Shading Mode"},"sceneLighting":false,"audioPlay":false,"sceneViewState":{"showFog":false,"showMaterialUpdate":false,"showSkybox":false,"showFlares":false,"showImageEffects":false,"showParticleSystems":false},"in2DMode":false,"pivot":{"x":-0.13154815137386323,"y":-0.4671812355518341,"z":15.048243522644043},"rotation":{"x":-0.06588242202997208,"y":0.05086337774991989,"z":-0.003363033290952444,"w":-0.9965245723724365},"size":20.427047729492189,"orthographic":false}