{"cameraMode":{"drawMode":0,"name":"Shaded","section":"Shading Mode"},"sceneLighting":false,"audioPlay":false,"sceneViewState":{"showFog":true,"showMaterialUpdate":false,"showSkybox":true,"showFlares":true,"showImageEffects":true,"showParticleSystems":true},"in2DMode":false,"pivot":{"x":0.23662306368350984,"y":0.2866694927215576,"z":-0.04094914346933365},"rotation":{"x":-0.29183608293533327,"y":0.593356728553772,"z":-0.2441173493862152,"w":-0.7093421816825867},"size":0.27822405099868777,"orthographic":false}