{"cameraMode":{"drawMode":0,"name":"Shaded","section":"Shading Mode"},"sceneLighting":false,"audioPlay":false,"sceneViewState":{"showFog":true,"showMaterialUpdate":true,"showSkybox":true,"showFlares":true,"showImageEffects":true,"showParticleSystems":true},"in2DMode":false,"pivot":{"x":0.7170367240905762,"y":-0.19762364029884339,"z":-0.4330962300300598},"rotation":{"x":-0.05053085461258888,"y":-0.8982058167457581,"z":0.1072244718670845,"w":-0.42329174280166628},"size":1.249500036239624,"orthographic":false}